{
"lengthUnit": "mil",
"components": {
	"fields": ["COMPONENT_NO", "COMPONENT_NAME", "LAYER", "X_COORDINATE", "Y_COORDINATE", "ANGLE"],
	"rows": [
		[1, "C1", "T", 670, -265, 270],
		[2, "C5", "T", -581.53, -124.89, 0],
		[3, "C6", "T", -755, -265, 0],
		[4, "C7", "T", -755, -190, 0],
		[5, "C8", "T", 620, -910, 90],
		[6, "C9", "T", -900, -640, 90],
		[7, "C10", "T", -515, -350, 180],
		[8, "CN2", "T", 785, -885, 90],
		[9, "D2", "T", -320, -230, 0],
		[10, "LED1", "T", 75, -325, 90],
		[11, "LED2", "T", 225, -320, 90],
		[12, "LED3", "T", -955, -150, 90],
		[13, "LED4", "T", -595, -1265, 0],
		[14, "LED5", "T", -980, -1265, 0],
		[15, "LED6", "T", -980, -1455, 0],
		[16, "LED7", "T", 745, -1435, 0],
		[17, "Q7", "T", -1035, -475, 0],
		[18, "R1", "T", 110, -205, 180],
		[19, "R2", "T", 260, -205, 180],
		[20, "R6", "T", 675, -405, 90],
		[21, "R7", "T", -765, -115, 180],
		[22, "R8", "T", 540, -1145, 180],
		[23, "R9", "T", 540, -1250, 0],
		[24, "R10", "T", -595, -980, 0],
		[25, "R11", "T", -495, -590, 90],
		[26, "R12", "T", -560, -590, 90],
		[27, "R13", "T", -770, -640, 90],
		[28, "R14", "T", -1150, -485, 270],
		[29, "SW1", "T", -770, -930, 0],
		[30, "SW2", "T", -665, 45, 0],
		[31, "SW3", "T", -350, 45, 0],
		[32, "U1", "T", 0, -860, 180],
		[33, "U2", "T", 468.96, -311.15, 90],
		[34, "U5", "T", -575, -230, 90],
		[35, "U6", "T", -766.53, -453.67, 270],
		[36, "USBC1", "T", 0, 0, 180]
	]
},
"pins": {
	"fields": ["PIN_NO", "PIN_NAME", "PIN_X", "PIN_Y", "LAYER", "PIN_TYPE", "NET_NAME", "NET_TYPE", "PAD_SHAPE", "PAD_SIZEX", "PAD_SIZEY", "HOLE_SIZE", "PAD_ANGLE"],
	"rows": [
		[1, "C1_1", 670, -237.44, "T", "SMD", "+5V", "", "R", 31.5, 35.43, 0, 270],
		[2, "C1_2", 670, -292.56, "T", "SMD", "GND", "GND", "R", 31.5, 35.43, 0, 270],
		[3, "C5_1", -609.09, -124.89, "T", "SMD", "$1N7465", "", "R", 31.5, 35.43, 0, 0],
		[4, "C5_2", -553.97, -124.89, "T", "SMD", "GND", "GND", "R", 31.5, 35.43, 0, 0],
		[5, "C6_1", -782.56, -265, "T", "SMD", "GND", "GND", "R", 31.5, 35.43, 0, 0],
		[6, "C6_2", -727.44, -265, "T", "SMD", "3.3V+", "", "R", 31.5, 35.43, 0, 0],
		[7, "C7_1", -782.56, -190, "T", "SMD", "GND", "GND", "R", 31.5, 35.43, 0, 0],
		[8, "C7_2", -727.44, -190, "T", "SMD", "3.3V+", "", "R", 31.5, 35.43, 0, 0],
		[9, "C8_1", 620, -937.56, "T", "SMD", "BAT+", "", "R", 31.5, 35.43, 0, 90],
		[10, "C8_2", 620, -882.44, "T", "SMD", "GND", "GND", "R", 31.5, 35.43, 0, 90],
		[11, "C9_1", -900, -667.56, "T", "SMD", "3.3V+", "", "R", 31.5, 35.43, 0, 90],
		[12, "C9_2", -900, -612.44, "T", "SMD", "GND", "GND", "R", 31.5, 35.43, 0, 90],
		[13, "C10_1", -487.44, -350, "T", "SMD", "GND", "GND", "R", 31.5, 35.43, 0, 180],
		[14, "C10_2", -542.56, -350, "T", "SMD", "$1N9015", "", "R", 31.5, 35.43, 0, 180],
		[15, "CN2_1", 785, -983.42, "T", "DIP", "BAT+", "", "C", 149.61, 149.61, 100, 90],
		[16, "CN2_1", 785, -983.42, "B", "DIP", "BAT+", "", "C", 149.61, 149.61, 100, 90],
		[17, "CN2_2", 785, -786.58, "T", "DIP", "GND", "GND", "C", 149.61, 149.61, 100, 90],
		[18, "CN2_2", 785, -786.58, "B", "DIP", "GND", "GND", "C", 149.61, 149.61, 100, 90],
		[19, "D2_1", -412.94, -230, "T", "SMD", "$1N7368", "", "R", 80.61, 86.31, 0, 0],
		[20, "D2_2", -227.06, -230, "T", "SMD", "+5V", "", "R", 80.61, 86.31, 0, 0],
		[21, "LED1_1", 75, -283.65, "T", "SMD", "$1N2080", "", "R", 39.37, 55.1, 0, 270],
		[22, "LED1_2", 75, -366.35, "T", "SMD", "$1N1916", "", "R", 39.37, 55.1, 0, 270],
		[23, "LED2_1", 225, -278.65, "T", "SMD", "$1N2119", "", "R", 39.37, 55.1, 0, 270],
		[24, "LED2_2", 225, -361.35, "T", "SMD", "$1N1920", "", "R", 39.37, 55.1, 0, 270],
		[25, "LED3_1", -955, -108.65, "T", "SMD", "$1N7679", "", "R", 39.37, 55.1, 0, 270],
		[26, "LED3_2", -955, -191.35, "T", "SMD", "GND", "GND", "R", 39.37, 55.1, 0, 270],
		[27, "LED4_1", -484.76, -1235.47, "T", "SMD", "+5V", "", "R", 32.28, 59.05, 0, 90],
		[28, "LED4_2", -484.76, -1294.53, "T", "SMD", "LED4_2", "", "R", 32.28, 59.05, 0, 90],
		[29, "LED4_3", -705.24, -1294.53, "T", "SMD", "GND", "GND", "R", 32.28, 59.05, 0, 90],
		[30, "LED4_4", -705.24, -1235.47, "T", "SMD", "$1N13586", "", "R", 32.28, 59.05, 0, 90],
		[31, "LED5_1", -869.76, -1235.47, "T", "SMD", "+5V", "", "R", 32.28, 59.05, 0, 90],
		[32, "LED5_2", -869.76, -1294.53, "T", "SMD", "$1N13586", "", "R", 32.28, 59.05, 0, 90],
		[33, "LED5_3", -1090.24, -1294.53, "T", "SMD", "GND", "GND", "R", 32.28, 59.05, 0, 90],
		[34, "LED5_4", -1090.24, -1235.47, "T", "SMD", "$1N13592", "", "R", 32.28, 59.05, 0, 90],
		[35, "LED6_1", -869.76, -1425.47, "T", "SMD", "+5V", "", "R", 32.28, 59.05, 0, 90],
		[36, "LED6_2", -869.76, -1484.53, "T", "SMD", "$1N13592", "", "R", 32.28, 59.05, 0, 90],
		[37, "LED6_3", -1090.24, -1484.53, "T", "SMD", "GND", "GND", "R", 32.28, 59.05, 0, 90],
		[38, "LED6_4", -1090.24, -1425.47, "T", "SMD", "$1N13599", "", "R", 32.28, 59.05, 0, 90],
		[39, "LED7_1", 855.24, -1405.47, "T", "SMD", "+5V", "", "R", 32.28, 59.05, 0, 90],
		[40, "LED7_2", 855.24, -1464.53, "T", "SMD", "$1N13599", "", "R", 32.28, 59.05, 0, 90],
		[41, "LED7_3", 634.76, -1464.53, "T", "SMD", "GND", "GND", "R", 32.28, 59.05, 0, 90],
		[42, "LED7_4", 634.76, -1405.47, "T", "SMD", "LED_DATA", "", "R", 32.28, 59.05, 0, 90],
		[43, "Q7_1", -1060.59, -513.98, "T", "SMD", "RTS", "", "R", 13.78, 30.71, 0, 0],
		[44, "Q7_2", -1035, -513.98, "T", "SMD", "DN", "", "R", 13.78, 30.71, 0, 0],
		[45, "Q7_3", -1009.41, -513.98, "T", "SMD", "IO_0", "", "R", 13.78, 30.71, 0, 0],
		[46, "Q7_4", -1009.41, -436.02, "T", "SMD", "DN", "", "R", 13.78, 30.71, 0, 0],
		[47, "Q7_5", -1035, -436.02, "T", "SMD", "RTS", "", "R", 13.78, 30.71, 0, 0],
		[48, "Q7_6", -1060.59, -436.02, "T", "SMD", "EN", "", "R", 13.78, 30.71, 0, 0],
		[49, "R1_1", 139.66, -205, "T", "SMD", "+5V", "", "R", 31.75, 34.02, 0, 180],
		[50, "R1_2", 80.34, -205, "T", "SMD", "$1N2080", "", "R", 31.75, 34.02, 0, 180],
		[51, "R2_1", 289.66, -205, "T", "SMD", "+5V", "", "R", 31.75, 34.02, 0, 180],
		[52, "R2_2", 230.34, -205, "T", "SMD", "$1N2119", "", "R", 31.75, 34.02, 0, 180],
		[53, "R6_1", 675, -444.37, "T", "SMD", "GND", "GND", "R", 44.59, 54.21, 0, 90],
		[54, "R6_2", 675, -365.63, "T", "SMD", "$1N3425", "", "R", 44.59, 54.21, 0, 90],
		[55, "R7_1", -725.63, -115, "T", "SMD", "3.3V+", "", "R", 44.59, 54.21, 0, 180],
		[56, "R7_2", -804.37, -115, "T", "SMD", "$1N7679", "", "R", 44.59, 54.21, 0, 180],
		[57, "R8_1", 598.22, -1145, "T", "SMD", "BAT+", "", "R", 47.54, 66.97, 0, 180],
		[58, "R8_2", 481.78, -1145, "T", "SMD", "BAT_VOTAGE", "", "R", 47.54, 66.97, 0, 180],
		[59, "R9_1", 481.78, -1250, "T", "SMD", "BAT_VOTAGE", "", "R", 47.54, 66.97, 0, 0],
		[60, "R9_2", 598.22, -1250, "T", "SMD", "GND", "GND", "R", 47.54, 66.97, 0, 0],
		[61, "R10_1", -653.22, -980, "T", "SMD", "$1N8386", "", "R", 47.54, 66.97, 0, 0],
		[62, "R10_2", -536.78, -980, "T", "SMD", "+5V", "", "R", 47.54, 66.97, 0, 0],
		[63, "R11_1", -495, -619.66, "T", "SMD", "RX", "", "R", 31.75, 34.02, 0, 90],
		[64, "R11_2", -495, -560.34, "T", "SMD", "$1N9070", "", "R", 31.75, 34.02, 0, 90],
		[65, "R12_1", -560, -619.66, "T", "SMD", "TX", "", "R", 31.75, 34.02, 0, 90],
		[66, "R12_2", -560, -560.34, "T", "SMD", "$1N9109", "", "R", 31.75, 34.02, 0, 90],
		[67, "R13_1", -770, -679.37, "T", "SMD", "3.3V+", "", "R", 44.59, 54.21, 0, 90],
		[68, "R13_2", -770, -600.63, "T", "SMD", "IO_0", "", "R", 44.59, 54.21, 0, 90],
		[69, "R14_1", -1150, -445.63, "T", "SMD", "EN", "", "R", 44.59, 54.21, 0, 270],
		[70, "R14_2", -1150, -524.37, "T", "SMD", "3.3V+", "", "R", 44.59, 54.21, 0, 270],
		[71, "SW1_1", -770, -831.58, "T", "DIP", "GND", "GND", "R", 70.87, 70.87, 47.24, 270],
		[72, "SW1_1", -770, -831.58, "B", "DIP", "GND", "GND", "R", 70.87, 70.87, 47.24, 270],
		[73, "SW1_2", -770, -930, "T", "DIP", "LDO_EN", "", "C", 70.87, 70.87, 47.24, 270],
		[74, "SW1_2", -770, -930, "B", "DIP", "LDO_EN", "", "C", 70.87, 70.87, 47.24, 270],
		[75, "SW1_3", -770, -1028.43, "T", "DIP", "$1N8386", "", "C", 70.87, 70.87, 47.24, 270],
		[76, "SW1_3", -770, -1028.43, "B", "DIP", "$1N8386", "", "C", 70.87, 70.87, 47.24, 270],
		[77, "SW2_1", -783.11, 117.83, "T", "SMD", "IO_0", "", "R", 39.37, 29.53, 0, 0],
		[78, "SW2_2", -546.89, 117.83, "T", "SMD", "SW2_2", "", "R", 39.37, 29.53, 0, 0],
		[79, "SW2_3", -783.11, -27.83, "T", "SMD", "SW2_3", "", "R", 39.37, 29.53, 0, 0],
		[80, "SW2_4", -546.89, -27.83, "T", "SMD", "GND", "GND", "R", 39.37, 29.53, 0, 0],
		[81, "SW3_1", -468.11, 117.83, "T", "SMD", "EN", "", "R", 39.37, 29.53, 0, 0],
		[82, "SW3_2", -231.89, 117.83, "T", "SMD", "SW3_2", "", "R", 39.37, 29.53, 0, 0],
		[83, "SW3_3", -468.11, -27.83, "T", "SMD", "SW3_3", "", "R", 39.37, 29.53, 0, 0],
		[84, "SW3_4", -231.89, -27.83, "T", "SMD", "GND", "GND", "R", 39.37, 29.53, 0, 0],
		[85, "U1_1", 344.49, -1210.2, "T", "SMD", "GND", "GND", "R", 59.05, 35.43, 0, 180],
		[86, "U1_2", 344.49, -1160.2, "T", "SMD", "3.3V+", "", "R", 59.05, 35.43, 0, 180],
		[87, "U1_3", 344.49, -1110.2, "T", "SMD", "EN", "", "R", 59.05, 35.43, 0, 180],
		[88, "U1_4", 344.49, -1060.2, "T", "SMD", "BAT_VOTAGE", "", "R", 59.05, 35.43, 0, 180],
		[89, "U1_5", 344.49, -1010.2, "T", "SMD", "U1_5", "", "R", 59.05, 35.43, 0, 180],
		[90, "U1_6", 344.49, -960.2, "T", "SMD", "MS1", "", "R", 59.05, 35.43, 0, 180],
		[91, "U1_7", 344.49, -910.2, "T", "SMD", "MS2", "", "R", 59.05, 35.43, 0, 180],
		[92, "U1_8", 344.49, -860.2, "T", "SMD", "MS3", "", "R", 59.05, 35.43, 0, 180],
		[93, "U1_9", 344.49, -810.2, "T", "SMD", "MS4", "", "R", 59.05, 35.43, 0, 180],
		[94, "U1_10", 344.49, -760.2, "T", "SMD", "U1_10", "", "R", 59.05, 35.43, 0, 180],
		[95, "U1_11", 344.49, -710.2, "T", "SMD", "U1_11", "", "R", 59.05, 35.43, 0, 180],
		[96, "U1_12", 344.49, -660.2, "T", "SMD", "U1_12", "", "R", 59.05, 35.43, 0, 180],
		[97, "U1_13", 344.49, -610.2, "T", "SMD", "U1_13", "", "R", 59.05, 35.43, 0, 180],
		[98, "U1_14", 344.49, -560.2, "T", "SMD", "U1_14", "", "R", 59.05, 35.43, 0, 180],
		[99, "U1_15", 275, -509.81, "T", "SMD", "U1_15", "", "R", 59.05, 35.43, 0, 270],
		[100, "U1_16", 225, -509.81, "T", "SMD", "U1_16", "", "R", 59.05, 35.43, 0, 270],
		[101, "U1_17", 175, -509.81, "T", "SMD", "U1_17", "", "R", 59.05, 35.43, 0, 270],
		[102, "U1_18", 125, -509.81, "T", "SMD", "U1_18", "", "R", 59.05, 35.43, 0, 270],
		[103, "U1_19", 75, -509.81, "T", "SMD", "U1_19", "", "R", 59.05, 35.43, 0, 270],
		[104, "U1_20", 25, -509.81, "T", "SMD", "U1_20", "", "R", 59.05, 35.43, 0, 270],
		[105, "U1_21", -25, -509.81, "T", "SMD", "U1_21", "", "R", 59.05, 35.43, 0, 270],
		[106, "U1_22", -75, -509.81, "T", "SMD", "U1_22", "", "R", 59.05, 35.43, 0, 270],
		[107, "U1_23", -125, -509.81, "T", "SMD", "U1_23", "", "R", 59.05, 35.43, 0, 270],
		[108, "U1_24", -175, -509.81, "T", "SMD", "U1_24", "", "R", 59.05, 35.43, 0, 270],
		[109, "U1_25", -225, -509.81, "T", "SMD", "U1_25", "", "R", 59.05, 35.43, 0, 270],
		[110, "U1_26", -275, -510.99, "T", "SMD", "U1_26", "", "R", 59.05, 35.43, 0, 270],
		[111, "U1_27", -344.49, -560.19, "T", "SMD", "IO_0", "", "R", 59.05, 35.43, 0, 0],
		[112, "U1_28", -344.49, -610.19, "T", "SMD", "U1_28", "", "R", 59.05, 35.43, 0, 0],
		[113, "U1_29", -344.49, -660.19, "T", "SMD", "U1_29", "", "R", 59.05, 35.43, 0, 0],
		[114, "U1_30", -344.49, -710.19, "T", "SMD", "U1_30", "", "R", 59.05, 35.43, 0, 0],
		[115, "U1_31", -344.49, -760.19, "T", "SMD", "U1_31", "", "R", 59.05, 35.43, 0, 0],
		[116, "U1_32", -344.49, -810.19, "T", "SMD", "U1_32", "", "R", 59.05, 35.43, 0, 0],
		[117, "U1_33", -344.49, -860.19, "T", "SMD", "U1_33", "", "R", 59.05, 35.43, 0, 0],
		[118, "U1_34", -344.49, -910.19, "T", "SMD", "U1_34", "", "R", 59.05, 35.43, 0, 0],
		[119, "U1_35", -344.49, -960.19, "T", "SMD", "U1_35", "", "R", 59.05, 35.43, 0, 0],
		[120, "U1_36", -344.49, -1010.19, "T", "SMD", "RX", "", "R", 59.05, 35.43, 0, 0],
		[121, "U1_37", -344.49, -1060.19, "T", "SMD", "TX", "", "R", 59.05, 35.43, 0, 0],
		[122, "U1_38", -344.49, -1110.19, "T", "SMD", "U1_38", "", "R", 59.05, 35.43, 0, 0],
		[123, "U1_39", -344.49, -1160.19, "T", "SMD", "LED_DATA", "", "R", 59.05, 35.43, 0, 0],
		[124, "U1_40", -344.49, -1210.19, "T", "SMD", "GND", "GND", "R", 59.05, 35.43, 0, 0],
		[125, "U1_41", 3.94, -851.13, "T", "SMD", "GND", "GND", "R", 35.43, 35.43, 0, 270],
		[126, "U1_41", 59.06, -851.13, "T", "SMD", "GND", "GND", "R", 35.43, 35.43, 0, 270],
		[127, "U1_41", 114.18, -851.13, "T", "SMD", "GND", "GND", "R", 35.43, 35.43, 0, 270],
		[128, "U1_41", 114.18, -961.38, "T", "SMD", "GND", "GND", "R", 35.43, 35.43, 0, 270],
		[129, "U1_41", 59.06, -961.38, "T", "SMD", "GND", "GND", "R", 35.43, 35.43, 0, 270],
		[130, "U1_41", 3.94, -961.38, "T", "SMD", "GND", "GND", "R", 35.43, 35.43, 0, 270],
		[131, "U1_41", 3.94, -906.25, "T", "SMD", "GND", "GND", "R", 35.43, 35.43, 0, 270],
		[132, "U1_41", 114.18, -906.25, "T", "SMD", "GND", "GND", "R", 35.43, 35.43, 0, 270],
		[133, "U1_41", 59.06, -906.25, "T", "SMD", "GND", "GND", "R", 35.43, 35.43, 0, 270],
		[134, "U2_1", 574.57, -386.15, "T", "SMD", "B_TEMP", "", "O", 24.8, 73.42, 0, 90],
		[135, "U2_2", 574.57, -336.15, "T", "SMD", "$1N3425", "", "O", 24.8, 73.42, 0, 90],
		[136, "U2_3", 574.57, -286.15, "T", "SMD", "GND", "GND", "O", 24.8, 73.42, 0, 90],
		[137, "U2_4", 574.57, -236.15, "T", "SMD", "+5V", "", "O", 24.8, 73.42, 0, 90],
		[138, "U2_5", 363.35, -236.15, "T", "SMD", "BAT+", "", "O", 24.8, 73.42, 0, 90],
		[139, "U2_6", 363.35, -286.15, "T", "SMD", "$1N1920", "", "O", 24.8, 73.42, 0, 90],
		[140, "U2_7", 363.35, -336.15, "T", "SMD", "$1N1916", "", "O", 24.8, 73.42, 0, 90],
		[141, "U2_8", 363.35, -386.15, "T", "SMD", "+5V", "", "O", 24.8, 73.42, 0, 90],
		[142, "U2_9", 468.96, -311.15, "T", "SMD", "U2_9", "", "R", 129.92, 94.49, 0, 90],
		[143, "U5_1", -529.58, -267.4, "T", "SMD", "$1N7368", "", "R", 19.29, 45.55, 0, 90],
		[144, "U5_2", -529.58, -230, "T", "SMD", "GND", "GND", "R", 19.29, 45.55, 0, 90],
		[145, "U5_3", -529.58, -192.6, "T", "SMD", "LDO_EN", "", "R", 19.29, 45.55, 0, 90],
		[146, "U5_4", -620.42, -192.6, "T", "SMD", "$1N7465", "", "R", 19.29, 46.26, 0, 90],
		[147, "U5_5", -620.42, -267.4, "T", "SMD", "3.3V+", "", "R", 19.29, 46.26, 0, 90],
		[148, "U6_1", -874.8, -374.93, "T", "SMD", "DP", "", "R", 23.62, 59.05, 0, 270],
		[149, "U6_2", -874.8, -414.3, "T", "SMD", "DN", "", "R", 23.62, 59.05, 0, 270],
		[150, "U6_3", -874.8, -453.67, "T", "SMD", "GND", "GND", "R", 23.62, 59.05, 0, 270],
		[151, "U6_4", -874.8, -493.04, "T", "SMD", "DTR", "", "R", 23.62, 59.05, 0, 270],
		[152, "U6_5", -874.8, -532.41, "T", "SMD", "U6_5", "", "R", 23.62, 59.05, 0, 270],
		[153, "U6_6", -658.27, -532.41, "T", "SMD", "RTS", "", "R", 23.62, 59.05, 0, 270],
		[154, "U6_7", -658.27, -493.04, "T", "SMD", "3.3V+", "", "R", 23.62, 59.05, 0, 270],
		[155, "U6_8", -658.27, -453.67, "T", "SMD", "$1N9109", "", "R", 23.62, 59.05, 0, 270],
		[156, "U6_9", -658.27, -414.3, "T", "SMD", "$1N9070", "", "R", 23.62, 59.05, 0, 270],
		[157, "U6_10", -658.27, -374.93, "T", "SMD", "$1N9015", "", "R", 23.62, 59.05, 0, 270],
		[158, "U6_11", -766.54, -453.67, "T", "SMD", "U6_11", "", "R", 110.24, 94.49, 0, 90],
		[159, "USBC1_0", 170.28, -67.16, "T", "DIP", "GND", "GND", "O", 47.24, 78.74, 62.99, 180],
		[160, "USBC1_0", 170.28, -67.16, "B", "DIP", "GND", "GND", "O", 47.24, 78.74, 62.99, 180],
		[161, "USBC1_1", -170.28, -67.16, "T", "DIP", "GND", "GND", "O", 47.24, 78.74, 62.99, 180],
		[162, "USBC1_1", -170.28, -67.16, "B", "DIP", "GND", "GND", "O", 47.24, 78.74, 62.99, 180],
		[163, "USBC1_2", -170.28, 97.4, "T", "DIP", "GND", "GND", "O", 47.24, 70.87, 55.12, 180],
		[164, "USBC1_2", -170.28, 97.4, "B", "DIP", "GND", "GND", "O", 47.24, 70.87, 55.12, 180],
		[165, "USBC1_3", 170.28, 97.4, "T", "DIP", "GND", "GND", "O", 47.24, 70.87, 55.12, 180],
		[166, "USBC1_3", 170.28, 97.4, "B", "DIP", "GND", "GND", "O", 47.24, 70.87, 55.12, 180],
		[167, "USBC1_A1", 131.89, -97.41, "T", "SMD", "GND", "GND", "R", 11.81, 51.18, 0, 180],
		[168, "USBC1_A12", -131.89, -97.41, "T", "SMD", "GND", "GND", "R", 11.81, 51.18, 0, 180],
		[169, "USBC1_A4", 100.39, -97.41, "T", "SMD", "USBC1_A4", "", "R", 11.81, 51.18, 0, 180],
		[170, "USBC1_A5", 49.21, -97.41, "T", "SMD", "CC", "", "R", 11.81, 51.18, 0, 180],
		[171, "USBC1_A6", 9.84, -97.41, "T", "SMD", "DP", "", "R", 11.81, 51.18, 0, 180],
		[172, "USBC1_A7", -9.84, -97.41, "T", "SMD", "DN", "", "R", 11.81, 51.18, 0, 180],
		[173, "USBC1_A8", -49.2, -97.41, "T", "SMD", "USBC1_A8", "", "R", 11.81, 51.18, 0, 180],
		[174, "USBC1_A9", -100.4, -97.41, "T", "SMD", "+5V", "", "R", 11.81, 51.18, 0, 180],
		[175, "USBC1_B1", -120.08, -97.41, "T", "SMD", "GND", "GND", "R", 11.81, 51.18, 0, 180],
		[176, "USBC1_B12", 120.08, -97.41, "T", "SMD", "GND", "GND", "R", 11.81, 51.18, 0, 180],
		[177, "USBC1_B4", -88.58, -97.41, "T", "SMD", "+5V", "", "R", 11.81, 51.18, 0, 180],
		[178, "USBC1_B5", -68.9, -97.41, "T", "SMD", "CC", "", "R", 11.81, 51.18, 0, 180],
		[179, "USBC1_B6", -29.53, -97.41, "T", "SMD", "DP", "", "R", 11.81, 51.18, 0, 180],
		[180, "USBC1_B7", 29.53, -97.41, "T", "SMD", "DN", "", "R", 11.81, 51.18, 0, 180],
		[181, "USBC1_B8", 68.9, -97.41, "T", "SMD", "USBC1_B8", "", "R", 11.81, 51.18, 0, 180],
		[182, "USBC1_B9", 88.58, -97.41, "T", "SMD", "USBC1_B9", "", "R", 11.81, 51.18, 0, 180]
	]
}
}